Company,Job Title,Location,Salary,URL,Posted Date,Source
Hostinger,Fullstack Automation Engineer Delivery Automation Team,,Not specified,https://remoteok.comhttps://remoteOK.com/remote-jobs/remote-fullstack-automation-engineer-delivery-automation-team-hostinger-1130201,2026-02-11T13:00:08+00:00,RemoteOK
Khan Academy,Fullstack Engineer II Tutor Platform,"Mountain View, CA",Not specified,https://remoteok.comhttps://remoteOK.com/remote-jobs/remote-fullstack-engineer-ii-tutor-platform-khan-academy-1129832,2026-01-27T16:00:48+00:00,RemoteOK
xAI,Fullstack Engineer Education,"Palo Alto, CA",Not specified,https://remoteok.comhttps://remoteOK.com/remote-jobs/remote-fullstack-engineer-education-xai-1129766,2026-01-25T16:00:07+00:00,RemoteOK
CI&amp;T,Job 27144 Mid Level Fullstack Developer Brazil,Brazil,Not specified,https://remoteok.comhttps://remoteOK.com/remote-jobs/remote-job-27144-mid-level-fullstack-developer-brazil-ciampt-1129745,2026-01-24T00:02:50+00:00,RemoteOK
Inflection AI,Member of Technical Staff Fullstack Engineer,Palo Alto,$100000-$150000,https://remoteok.comhttps://remoteOK.com/remote-jobs/remote-member-of-technical-staff-fullstack-engineer-inflection-ai-1129384,2025-12-31T08:00:42+00:00,RemoteOK
Zipdev,Mid C# Fullstack Developer,,Not specified,https://remoteok.comhttps://remoteOK.com/remote-jobs/remote-mid-c-fullstack-developer-zipdev-1129205,2025-12-13T08:00:19+00:00,RemoteOK
Filevine,Senior Javascript Fullstack Engineer,United States,Not specified,https://remoteok.comhttps://remoteOK.com/remote-jobs/remote-senior-javascript-fullstack-engineer-filevine-1128894,2025-11-07T00:01:58+00:00,RemoteOK
ARB Interactive,Fullstack Software Engineer,Miami,Not specified,https://remoteok.comhttps://remoteOK.com/remote-jobs/remote-fullstack-software-engineer-arb-interactive-1128877,2025-11-06T00:01:17+00:00,RemoteOK
Vannevar Labs,Senior Full stack Engineer,Remote,$100000-$150000,https://remoteok.comhttps://remoteOK.com/remote-jobs/remote-senior-full-stack-engineer-vannevar-labs-1128707,2025-10-31T00:04:05+00:00,RemoteOK
CI&amp;T,Job 25535 Master Fullstack Developer Brazil,Brazil,Not specified,https://remoteok.comhttps://remoteOK.com/remote-jobs/remote-job-25535-master-fullstack-developer-brazil-ciampt-1128672,2025-10-30T08:01:19+00:00,RemoteOK
Xero,Senior Fullstack Engineer Payments Platform,San Mateo,$100000-$150000,https://remoteok.comhttps://remoteOK.com/remote-jobs/remote-senior-fullstack-engineer-payments-platform-xero-1128542,2025-10-23T16:00:54+00:00,RemoteOK
Dataiku,Fullstack Software Engineer Core,Amsterdam,$60000-$120000,https://remoteok.comhttps://remoteOK.com/remote-jobs/remote-fullstack-software-engineer-core-dataiku-1128503,2025-10-22T16:01:11+00:00,RemoteOK
Clair,Senior Fullstack Engineer,Remote,$100000-$150000,https://remoteok.comhttps://remoteOK.com/remote-jobs/remote-senior-fullstack-engineer-clair-1128161,2025-09-30T00:01:10+00:00,RemoteOK
